{
    "armature_name": "Armature",
    "current_frame": 68,
    "bones": {
        "mixamorig2:LeftHand": {
            "quaternion": {
                "w": 0.8662089109420776,
                "x": 0.0853339359164238,
                "y": -0.49177008867263794,
                "z": 0.023640751838684082
            },
            "euler_degrees": {
                "x": 13.944117204752525,
                "y": -58.86917506009729,
                "z": -4.7680713897685685
            }
        },
        "mixamorig2:LeftHandThumb1": {
            "quaternion": {
                "w": 0.9734874367713928,
                "x": -0.0066401357762515545,
                "y": -0.09157125651836395,
                "z": -0.20950151979923248
            },
            "euler_degrees": {
                "x": 1.4822981124033339,
                "y": -10.432062108062295,
                "z": -24.4257810003411
            }
        },
        "mixamorig2:LeftHandThumb2": {
            "quaternion": {
                "w": 0.7434657216072083,
                "x": 0.5027576684951782,
                "y": -0.044097185134887695,
                "z": -0.43880003690719604
            },
            "euler_degrees": {
                "x": 58.03862405702374,
                "y": 22.064615340118955,
                "z": -48.75307067285061
            }
        },
        "mixamorig2:LeftHandThumb3": {
            "quaternion": {
                "w": 0.994591474533081,
                "x": -0.02533257007598877,
                "y": 0.022666728124022484,
                "z": -0.09813281893730164
            },
            "euler_degrees": {
                "x": -3.1462096741768373,
                "y": 2.299120435245159,
                "z": -11.33301784732669
            }
        },
        "mixamorig2:LeftHandThumb4": {
            "quaternion": {
                "w": 1.0,
                "x": -2.9802322387695312e-08,
                "y": 6.70552182668871e-08,
                "z": 7.450578820566989e-09
            },
            "euler_degrees": {
                "x": -3.4150945850063755e-06,
                "y": 7.683962002042346e-06,
                "z": 8.537732391405947e-07
            }
        },
        "mixamorig2:LeftHandIndex1": {
            "quaternion": {
                "w": 0.999907374382019,
                "x": 0.0014385126996785402,
                "y": -0.0046658944338560104,
                "z": -0.012557939626276493
            },
            "euler_degrees": {
                "x": 0.17154885880325177,
                "y": -0.5325622293037648,
                "z": -1.4398890409599014
            }
        },
        "mixamorig2:LeftHandIndex2": {
            "quaternion": {
                "w": 0.9999251961708069,
                "x": 0.006339334417134523,
                "y": 0.005002612713724375,
                "z": -0.009084319695830345
            },
            "euler_degrees": {
                "x": 0.7212295565392651,
                "y": 0.5798244169567557,
                "z": -1.0373862066144617
            }
        },
        "mixamorig2:LeftHandIndex3": {
            "quaternion": {
                "w": 0.9996098279953003,
                "x": -0.02773302048444748,
                "y": -0.0008416143245995045,
                "z": -0.002418344607576728
            },
            "euler_degrees": {
                "x": -3.178146144631936,
                "y": -0.10409022866135637,
                "z": -0.27434188513083463
            }
        },
        "mixamorig2:LeftHandIndex4": {
            "quaternion": {
                "w": 1.0,
                "x": -1.3038520485508798e-08,
                "y": -3.72529100900465e-08,
                "z": -3.725290076417309e-09
            },
            "euler_degrees": {
                "x": -1.4941043898290383e-06,
                "y": -4.268869045479968e-06,
                "z": -4.268867467924846e-07
            }
        },
        "mixamorig2:LeftHandMiddle1": {
            "quaternion": {
                "w": 0.6435139179229736,
                "x": 0.7654094099998474,
                "y": -0.003332733176648617,
                "z": -0.005485871806740761
            },
            "euler_degrees": {
                "x": 99.88804004514894,
                "y": 0.23540286995088613,
                "z": -0.6968684595647983
            }
        },
        "mixamorig2:LeftHandMiddle2": {
            "quaternion": {
                "w": 0.9987139701843262,
                "x": 0.048662394285202026,
                "y": 0.005185622721910477,
                "z": -0.013106284663081169
            },
            "euler_degrees": {
                "x": 5.570509334218347,
                "y": 0.6665665387554482,
                "z": -1.471288487791508
            }
        },
        "mixamorig2:LeftHandMiddle3": {
            "quaternion": {
                "w": 0.9997645020484924,
                "x": -0.021169086918234825,
                "y": 0.002666386542841792,
                "z": -0.003654034808278084
            },
            "euler_degrees": {
                "x": -2.4271081484508543,
                "y": 0.2966115301566761,
                "z": -0.42510168915319063
            }
        },
        "mixamorig2:LeftHandMiddle4": {
            "quaternion": {
                "w": 1.0,
                "x": 1.862645149230957e-08,
                "y": 4.163336342344337e-16,
                "z": 1.4988010832439613e-15
            },
            "euler_degrees": {
                "x": 2.1344341156289847e-06,
                "y": 4.770831718873944e-14,
                "z": 1.717499527990299e-13
            }
        },
        "mixamorig2:LeftHandRing1": {
            "quaternion": {
                "w": 0.7510418891906738,
                "x": 0.6592541933059692,
                "y": -0.02247803471982479,
                "z": 0.028483334928750992
            },
            "euler_degrees": {
                "x": 82.52547377873393,
                "y": -4.089787928296228,
                "z": 0.7552082001953447
            }
        },
        "mixamorig2:LeftHandRing2": {
            "quaternion": {
                "w": 0.9979149699211121,
                "x": 0.06416397541761398,
                "y": -0.0071680122055113316,
                "z": -0.000827513518743217
            },
            "euler_degrees": {
                "x": 7.358931189136363,
                "y": -0.8136212586377632,
                "z": -0.14734676383018594
            }
        },
        "mixamorig2:LeftHandRing3": {
            "quaternion": {
                "w": 0.9998982548713684,
                "x": -0.012861429713666439,
                "y": 0.005424301140010357,
                "z": -0.002920290920883417
            },
            "euler_degrees": {
                "x": -1.4757256561527832,
                "y": 0.6172239715308068,
                "z": -0.34262301945918766
            }
        },
        "mixamorig2:LeftHandRing4": {
            "quaternion": {
                "w": 1.0,
                "x": 3.3527612686157227e-08,
                "y": -1.4901164746561335e-08,
                "z": 2.2351740014414645e-08
            },
            "euler_degrees": {
                "x": 3.841981408132173e-06,
                "y": -1.707547699614187e-06,
                "z": 2.561320735199282e-06
            }
        },
        "mixamorig2:LeftHandPinky1": {
            "quaternion": {
                "w": 0.778104841709137,
                "x": 0.6250607967376709,
                "y": -0.042512521147727966,
                "z": 0.045195259153842926
            },
            "euler_degrees": {
                "x": 77.48955481311602,
                "y": -7.0455399119013755,
                "z": 0.9923141084466649
            }
        },
        "mixamorig2:LeftHandPinky2": {
            "quaternion": {
                "w": 0.9994133710861206,
                "x": 0.03246765211224556,