{
    "armature_name": "Armature",
    "current_frame": 28,
    "bones": {
        "mixamorig2:LeftHandThumb1": {
            "quaternion": {
                "w": 0.9526782035827637,
                "x": 0.2732858955860138,
                "y": 0.07191205769777298,
                "z": -0.11201655864715576
            },
            "euler_degrees": {
                "x": 30.98501998107403,
                "y": 11.434244665920865,
                "z": -10.233040640931879
            }
        },
        "mixamorig2:LeftHandThumb2": {
            "quaternion": {
                "w": 0.7486832141876221,
                "x": 0.2847551703453064,
                "y": 0.05910789594054222,
                "z": -0.5957299470901489
            },
            "euler_degrees": {
                "x": 23.191789506015112,
                "y": 25.3267922348925,
                "z": -71.73927319239564
            }
        },
        "mixamorig2:LeftHandThumb3": {
            "quaternion": {
                "w": 0.9240684509277344,
                "x": 0.2552562355995178,
                "y": -0.03767017647624016,
                "z": -0.2819976210594177
            },
            "euler_degrees": {
                "x": 29.627711128830757,
                "y": 4.263511655401387,
                "z": -32.813137187900864
            }
        },
        "mixamorig2:LeftHandThumb4": {
            "quaternion": {
                "w": 1.0,
                "x": 5.174816575248542e-09,
                "y": 8.673617379884035e-18,
                "z": 5.767955557622884e-17
            },
            "euler_degrees": {
                "x": 5.929902990321684e-07,
                "y": 9.93923337957349e-16,
                "z": 6.609590197416371e-15
            }
        },
        "mixamorig2:LeftHandIndex1": {
            "quaternion": {
                "w": 0.663849949836731,
                "x": 0.7438967227935791,
                "y": 0.0291295163333416,
                "z": -0.07122098654508591
            },
            "euler_degrees": {
                "x": 96.29308608872863,
                "y": 8.316281239056615,
                "z": -2.967283690801656
            }
        },
        "mixamorig2:LeftHandIndex2": {
            "quaternion": {
                "w": 0.7582355737686157,
                "x": 0.6450687050819397,
                "y": -0.00838144775480032,
                "z": -0.09431315958499908
            },
            "euler_degrees": {
                "x": 80.29145550500616,
                "y": 6.255754466002223,
                "z": -8.902757139687052
            }
        },
        "mixamorig2:LeftHandIndex3": {
            "quaternion": {
                "w": 0.9221636056900024,
                "x": 0.38350075483322144,
                "y": 0.0006810679333284497,
                "z": -0.05040796101093292
            },
            "euler_degrees": {
                "x": 45.055906350595635,
                "y": 2.287803452120682,
                "z": -5.308605730494208
            }
        },
        "mixamorig2:LeftHandIndex4": {
            "quaternion": {
                "w": 1.0,
                "x": -8.25539547832932e-09,
                "y": 3.903128234538122e-18,
                "z": -5.876375774871434e-17
            },
            "euler_degrees": {
                "x": -9.459986382393069e-07,
                "y": 4.472655020808071e-16,
                "z": -6.73383061466104e-15
            }
        },
        "mixamorig2:LeftHandMiddle1": {
            "quaternion": {
                "w": 0.6648375391960144,
                "x": 0.7433673739433289,
                "y": 0.04228741675615311,
                "z": -0.060064785182476044
            },
            "euler_degrees": {
                "x": 96.31169152402774,
                "y": 8.367910638992742,
                "z": -0.9843540565775439
            }
        },
        "mixamorig2:LeftHandMiddle2": {
            "quaternion": {
                "w": 0.7644079327583313,
                "x": 0.6377723217010498,
                "y": -0.009256497025489807,
                "z": -0.09402822703123093
            },
            "euler_degrees": {
                "x": 79.20048987944753,
                "y": 6.072437311320958,
                "z": -9.000129170268401
            }
        },
        "mixamorig2:LeftHandMiddle3": {
            "quaternion": {
                "w": 0.9214818477630615,
                "x": 0.38514184951782227,
                "y": 0.0006719134980812669,
                "z": -0.05036435276269913
            },
            "euler_degrees": {
                "x": 45.259667969010046,
                "y": 2.294343571694381,
                "z": -5.300320711030983
            }
        },
        "mixamorig2:LeftHandMiddle4": {
            "quaternion": {
                "w": 1.0,
                "x": -1.35723980196158e-16,
                "y": -1.1275703421029859e-17,
                "z": 3.361026734705064e-17
            },
            "euler_degrees": {
                "x": -1.555282248791404e-14,
                "y": -1.2921004341324697e-15,
                "z": 3.851452934584727e-15
            }
        },
        "mixamorig2:LeftHandRing1": {
            "quaternion": {
                "w": 0.6710096597671509,
                "x": 0.7376132607460022,
                "y": 0.06014877185225487,
                "z": -0.04532978683710098
            },
            "euler_degrees": {
                "x": 95.53412229834598,
                "y": 8.487434680599733,
                "z": 1.616445055414794
            }
        },
        "mixamorig2:LeftHandRing2": {
            "quaternion": {
                "w": 0.7755298018455505,
                "x": 0.6241353154182434,
                "y": -0.010829816572368145,
                "z": -0.09429402649402618
            },
            "euler_degrees": {
                "x": 77.18476445159337,
                "y": 5.791389114240097,
                "z": -9.241368890432312
            }
        },
        "mixamorig2:LeftHandRing3": {
            "quaternion": {
                "w": 0.9159212708473206,
                "x": 0.3981432318687439,
                "y": 0.0012379968538880348,
                "z": -0.050682004541158676
            },
            "euler_degrees": {
                "x": 46.8757965945672,
                "y": 2.442984923176549,
                "z": -5.275178784696165
            }
        },
        "mixamorig2:LeftHandRing4": {
            "quaternion": {
                "w": 1.0,
                "x": -4.609283307205965e-17,
                "y": 5.0306980803327406e-17,
                "z": 1.734721821615582e-18
            },
            "euler_degrees": {
                "x": -5.281849601660078e-15,
                "y": 5.764755360152624e-15,
                "z": 1.9878447801563783e-16
            }
        },
        "mixamorig2:LeftHandPinky1": {
            "quaternion": {
                "w": 0.6883675456047058,
                "x": 0.7170041799545288,
                "y": 0.07874298095703125,
                "z": -0.07651624828577042
            },
            "euler_degrees": {
                "x": 92.38375901538012,
                "y": 12.599408343980633,
                "z": 0.44475811981084107
            }
        },
        "mixamorig2:LeftHandPinky2": {
            "quaternion": {
                "w": 0.7345572710037231,
                "x": 0.6742439866065979,
                "y": 0.02175620011985302,
                "z": -0.07312562316656113
            },
            "euler_degrees": {
                "x": 84.80076688561608,
                "y": 7.502611048516751,
                "z": -4.5176544566810986
            }
        },
        "mixamorig2:LeftHandPinky3": {
            "quaternion": {
                "w": 0.9202849864959717,
                "x": 0.38776493072509766,
                "y": 0.0005067482707090676,
                "z": -0.0520925372838974
            },