{
    "armature_name": "Armature",
    "current_frame": 1,
    "bones": {
        "mixamorig2:RightShoulder": {
            "quaternion": {
                "w": 0.9876757264137268,
                "x": -0.11590564996004105,
                "y": -0.007663180585950613,
                "z": -0.10489962995052338
            },
            "euler_degrees": {
                "x": -13.151332025147267,
                "y": -2.26115717662117,
                "z": -11.864467182682567
            }
        },
        "mixamorig2:RightArm": {
            "quaternion": {
                "w": 0.7503372430801392,
                "x": 0.5482328534126282,
                "y": -0.2790988087654114,
                "z": -0.2419484555721283
            },
            "euler_degrees": {
                "x": 75.7586687642189,
                "y": -8.832607681816437,
                "z": -42.62040091144708
            }
        },
        "mixamorig2:RightForeArm": {
            "quaternion": {
                "w": 0.029077284038066864,
                "x": -0.3693010210990906,
                "y": 0.1475667953491211,
                "z": -0.9170584678649902
            },
            "euler_degrees": {
                "x": -23.13657425676473,
                "y": -41.97135194028286,
                "z": -167.3890169330116
            }
        },
        "mixamorig2:RightHand": {
            "quaternion": {
                "w": 0.996026873588562,
                "x": -0.05934112146496773,
                "y": -0.021675612777471542,
                "z": 0.06276385486125946
            },
            "euler_degrees": {
                "x": -6.95033006307916,
                "y": -2.0476157945323643,
                "z": 7.335723060110306
            }
        }
    }
}