{
    "armature_name": "Armature",
    "current_frame": 1,
    "bones": {
        "mixamorig2:RightShoulder": {
            "quaternion": {
                "w": 0.9876757264137268,
                "x": -0.11590564996004105,
                "y": -0.007663180585950613,
                "z": -0.10489962995052338
            },
            "euler_degrees": {
                "x": -13.151332025147267,
                "y": -2.26115717662117,
                "z": -11.864467182682567
            }
        },
        "mixamorig2:RightArm": {
            "quaternion": {
                "w": 0.7450034618377686,
                "x": 0.5540636777877808,
                "y": -0.26733648777008057,
                "z": -0.2579048275947571
            },
            "euler_degrees": {
                "x": 75.83922401529001,
                "y": -6.461860119962412,
                "z": -43.22567520022068
            }
        },
        "mixamorig2:RightForeArm": {
            "quaternion": {
                "w": 0.5757594704627991,
                "x": 0.09998262673616409,
                "y": 0.17549283802509308,
                "z": -0.792279839515686
            },
            "euler_degrees": {
                "x": -10.060866939881489,
                "y": 21.1316149145898,
                "z": -109.86857200756003
            }
        },
        "mixamorig2:RightHand": {
            "quaternion": {
                "w": 0.996026873588562,
                "x": -0.05934112146496773,
                "y": -0.021675612777471542,
                "z": 0.06276385486125946
            },
            "euler_degrees": {
                "x": -6.95033006307916,
                "y": -2.0476157945323643,
                "z": 7.335723060110306
            }
        }
    }
}