{
    "armature_name": "Armature",
    "current_frame": 1,
    "bones": {
        "mixamorig2:RightHand": {
            "quaternion": {
                "w": 0.8744887709617615,
                "x": -0.4614527225494385,
                "y": -0.00031121005304157734,
                "z": 0.14943526685237885
            },
            "euler_degrees": {
                "x": -54.5763499403255,
                "y": 7.895704656950264,
                "z": 15.316470402416398
            }
        }
    }
}