{
    "armature_name": "Armature",
    "current_frame": 1,
    "bones": {
        "mixamorig2:RightHandThumb1": {
            "quaternion": {
                "w": 0.9944770932197571,
                "x": 0.09013178199529648,
                "y": -0.016853636130690575,
                "z": 0.05106519162654877
            },
            "euler_degrees": {
                "x": 10.23634303739558,
                "y": -2.448782259678009,
                "z": 5.659610859488455
            }
        },
        "mixamorig2:RightHandThumb2": {
            "quaternion": {
                "w": 0.9782059192657471,
                "x": -0.03813837468624115,
                "y": 0.010172584094107151,
                "z": 0.20385147631168365
            },
            "euler_degrees": {
                "x": -4.043353740997543,
                "y": 2.0316118075333782,
                "z": 23.471431111013775
            }
        },
        "mixamorig2:RightHandThumb3": {
            "quaternion": {
                "w": 0.9032109975814819,
                "x": -0.021004393696784973,
                "y": -0.009111219085752964,
                "z": 0.42858579754829407
            },
            "euler_degrees": {
                "x": -2.622353801630723,
                "y": 0.08856000599476055,
                "z": 50.76791842139643
            }
        },
        "mixamorig2:RightHandThumb4": {
            "quaternion": {
                "w": 1.0,
                "x": -9.082566698737082e-09,
                "y": 8.673616552703423e-18,
                "z": 3.8163916471489756e-17
            },
            "euler_degrees": {
                "x": -1.0407854779674078e-06,
                "y": 9.93923243169433e-16,
                "z": 4.373262687012335e-15
            }
        },
        "mixamorig2:RightHandIndex1": {
            "quaternion": {
                "w": 0.9992676973342896,
                "x": -0.01332868728786707,
                "y": -0.0007035465096123517,
                "z": -0.03586188331246376
            },
            "euler_degrees": {
                "x": -1.5235291896583505,
                "y": -0.1353354092672557,
                "z": -4.108917580614142
            }
        },
        "mixamorig2:RightHandIndex2": {
            "quaternion": {
                "w": 0.7095717191696167,
                "x": 0.7045393586158752,
                "y": -0.0065074944868683815,
                "z": 0.009482232853770256
            },
            "euler_degrees": {
                "x": 89.5894398334687,
                "y": -1.2947819922080979,
                "z": 0.245694924493464
            }
        },
        "mixamorig2:RightHandIndex3": {
            "quaternion": {
                "w": 0.528227686882019,
                "x": 0.849102795124054,
                "y": 2.2523941822782945e-08,
                "z": -1.7058923162949213e-08
            },
            "euler_degrees": {
                "x": 116.22844118151488,
                "y": 3.0232174758146323e-06,
                "z": 1.1589958561470522e-06
            }
        },
        "mixamorig2:RightHandIndex4": {
            "quaternion": {
                "w": 1.0,
                "x": 0.0,
                "y": 0.0,
                "z": 0.0
            },
            "euler_degrees": {
                "x": 0.0,
                "y": -0.0,
                "z": 0.0
            }
        },
        "mixamorig2:RightHandMiddle1": {
            "quaternion": {
                "w": 0.9973602890968323,
                "x": -0.014047880657017231,
                "y": 0.002892433200031519,
                "z": -0.07118196040391922
            },
            "euler_degrees": {
                "x": -1.6293435474972457,
                "y": 0.21598752362659598,
                "z": -8.167669129321832
            }
        },
        "mixamorig2:RightHandMiddle2": {
            "quaternion": {
                "w": 0.6312317848205566,
                "x": 0.7755942940711975,
                "y": 3.380690216658877e-08,
                "z": -2.1021669738274795e-08
            },
            "euler_degrees": {
                "x": 101.71788870493039,
                "y": 4.313716393154851e-06,
                "z": 1.4840632005885958e-06
            }
        },
        "mixamorig2:RightHandMiddle3": {
            "quaternion": {
                "w": 0.5481567978858948,
                "x": 0.8363755941390991,
                "y": -1.4475779686051737e-08,
                "z": -2.2270434385518456e-08
            },
            "euler_degrees": {
                "x": 113.51869340190655,
                "y": 1.2251499686329961e-06,
                "z": -2.786279892041824e-06
            }
        },
        "mixamorig2:RightHandMiddle4": {
            "quaternion": {
                "w": 1.0,
                "x": 0.0,
                "y": 0.0,
                "z": 0.0
            },
            "euler_degrees": {
                "x": 0.0,
                "y": -0.0,
                "z": 0.0
            }
        },
        "mixamorig2:RightHandRing1": {
            "quaternion": {
                "w": 0.9952662587165833,
                "x": -0.04117899760603905,
                "y": 0.001267051207832992,
                "z": -0.08802253007888794
            },
            "euler_degrees": {
                "x": -4.714578628849498,
                "y": -0.2708525922798837,
                "z": -10.097162565130937
            }
        },
        "mixamorig2:RightHandRing2": {
            "quaternion": {
                "w": 0.6296529769897461,
                "x": 0.7768764495849609,
                "y": 2.5963654337601838e-08,
                "z": -1.620094636223257e-08
            },
            "euler_degrees": {
                "x": 101.95095524997873,
                "y": 3.315618844344674e-06,
                "z": 1.1424298989219933e-06
            }
        },
        "mixamorig2:RightHandRing3": {
            "quaternion": {
                "w": 0.48393338918685913,
                "x": 0.8751048445701599,
                "y": -1.489937417886722e-08,
                "z": -3.299147266488944e-08
            },
            "euler_degrees": {
                "x": 122.11476651012357,
                "y": 2.482132556962076e-06,
                "z": -3.3236352670304593e-06
            }
        },
        "mixamorig2:RightHandRing4": {
            "quaternion": {
                "w": 1.0,
                "x": 0.0,
                "y": 0.0,
                "z": 0.0
            },
            "euler_degrees": {
                "x": 0.0,
                "y": -0.0,
                "z": 0.0
            }
        },
        "mixamorig2:RightHandPinky1": {
            "quaternion": {
                "w": 0.9953668117523193,
                "x": -0.011232755146920681,
                "y": 0.0013442018534988165,
                "z": -0.09548291563987732
            },
            "euler_degrees": {
                "x": -1.296033517651797,
                "y": 0.03041692011743613,
                "z": -10.959278433680055
            }
        },
        "mixamorig2:RightHandPinky2": {
            "quaternion": {
                "w": 0.6771559715270996,
                "x": 0.7358395457267761,
                "y": 7.040231952970544e-09,
                "z": -3.543847881815054e-08
            },
            "euler_degrees": {
                "x": 94.75640963869165,
                "y": 3.5345043121897436e-06,
                "z": -2.1562575042980654e-06
            }
        },
        "mixamorig2:RightHandPinky3": {
            "quaternion": {
                "w": 0.488852858543396,
                "x": 0.8280322551727295,
                "y": 0.10622535645961761,
                "z": 0.25318342447280884
            },
            "euler_degrees": {
                "x": 114.52120807771351,
                "y": -18.386826556992013,
                "z": 26.50243342313907
            }
        },