{
    "armature_name": "Armature",
    "current_frame": 1,
    "bones": {
        "mixamorig2:RightHandThumb1": {
            "quaternion": {
                "w": 0.9303136467933655,
                "x": 0.29028651118278503,
                "y": 0.028444329276680946,
                "z": 0.22235381603240967
            },
            "euler_degrees": {
                "x": 33.667668985150335,
                "y": -4.36835463227426,
                "z": 25.561842949894736
            }
        },
        "mixamorig2:RightHandThumb2": {
            "quaternion": {
                "w": 0.8623864054679871,
                "x": -0.01918153651058674,
                "y": 0.036225564777851105,
                "z": 0.5045883655548096
            },
            "euler_degrees": {
                "x": 0.19972761797714594,
                "y": 4.694246863237663,
                "z": 60.672590887790776
            }
        },
        "mixamorig2:RightHandThumb3": {
            "quaternion": {
                "w": 0.9681262969970703,
                "x": -0.01111912913620472,
                "y": 0.016734639182686806,
                "z": 0.24965527653694153
            },
            "euler_degrees": {
                "x": -0.755361399203994,
                "y": 2.175149086714842,
                "z": 28.905859171303373
            }
        },
        "mixamorig2:RightHandThumb4": {
            "quaternion": {
                "w": 1.0,
                "x": -9.082566698737082e-09,
                "y": 8.673616552703423e-18,
                "z": 3.8163916471489756e-17
            },
            "euler_degrees": {
                "x": -1.0407854779674078e-06,
                "y": 9.93923243169433e-16,
                "z": 4.373262687012335e-15
            }
        },
        "mixamorig2:RightHandIndex1": {
            "quaternion": {
                "w": 0.7151679992675781,
                "x": 0.695996105670929,
                "y": -0.022739671170711517,
                "z": 0.06005904823541641
            },
            "euler_degrees": {
                "x": 88.26080411536114,
                "y": -6.668638547555847,
                "z": 3.131094892430422
            }
        },
        "mixamorig2:RightHandIndex2": {
            "quaternion": {
                "w": 0.6557393670082092,
                "x": 0.7491151690483093,
                "y": 0.006531509105116129,
                "z": 0.09375324845314026
            },
            "euler_degrees": {
                "x": 97.09480686331555,
                "y": -7.579285898365669,
                "z": 7.6956552463497605
            }
        },
        "mixamorig2:RightHandIndex3": {
            "quaternion": {
                "w": 0.8662868738174438,
                "x": 0.4968430697917938,
                "y": -0.003243157872930169,
                "z": 0.051802441477775574
            },
            "euler_degrees": {
                "x": 59.52914208864977,
                "y": -3.273046713950797,
                "z": 4.9720771874458025
            }
        },
        "mixamorig2:RightHandIndex4": {
            "quaternion": {
                "w": 1.0,
                "x": 8.853335842218257e-09,
                "y": 6.938893903907228e-18,
                "z": 8.673617379884035e-18
            },
            "euler_degrees": {
                "x": 1.0145175567420124e-06,
                "y": 7.951386703658792e-16,
                "z": 9.93923337957349e-16
            }
        },
        "mixamorig2:RightHandMiddle1": {
            "quaternion": {
                "w": 0.6740239858627319,
                "x": 0.7360726594924927,
                "y": -0.053983643651008606,
                "z": 0.031217344105243683
            },
            "euler_degrees": {
                "x": 95.16771680032065,
                "y": -6.818755860228973,
                "z": -2.1580193991632735
            }
        },
        "mixamorig2:RightHandMiddle2": {
            "quaternion": {
                "w": 0.6962594389915466,
                "x": 0.7122974395751953,
                "y": 0.010914227925240993,
                "z": 0.08795435726642609
            },
            "euler_degrees": {
                "x": 90.86320181178438,
                "y": -6.321141147587224,
                "z": 7.982506116017371
            }
        },
        "mixamorig2:RightHandMiddle3": {
            "quaternion": {
                "w": 0.9200713634490967,
                "x": 0.38861367106437683,
                "y": 0.0031620331574231386,
                "z": 0.04937678948044777
            },
            "euler_degrees": {
                "x": 45.70850360503368,
                "y": -1.8657884748638085,
                "z": 5.357364316544813
            }
        },
        "mixamorig2:RightHandMiddle4": {
            "quaternion": {
                "w": 1.0,
                "x": -1.1628502404292503e-16,
                "y": 3.122502256758253e-17,
                "z": -2.3852451103403548e-17
            },
            "euler_degrees": {
                "x": -1.332528219647382e-14,
                "y": 3.578124016646457e-15,
                "z": -2.7332895585343737e-15
            }
        },
        "mixamorig2:RightHandRing1": {
            "quaternion": {
                "w": 0.7137571573257446,
                "x": 0.6972010731697083,
                "y": -0.06156899407505989,
                "z": 0.02589675784111023
            },
            "euler_degrees": {
                "x": 88.8312410242731,
                "y": -7.123074938698891,
                "z": -2.8237715979427565
            }
        },
        "mixamorig2:RightHandRing2": {
            "quaternion": {
                "w": 0.6778935790061951,
                "x": 0.7289493083953857,
                "y": 0.009584280662238598,
                "z": 0.09487532079219818
            },
            "euler_degrees": {
                "x": 93.63601955818861,
                "y": -7.199487253151585,
                "z": 8.264142990027324
            }
        },
        "mixamorig2:RightHandRing3": {
            "quaternion": {
                "w": 0.8700495958328247,
                "x": 0.48998865485191345,
                "y": -0.002630758797749877,
                "z": 0.054017387330532074
            },
            "euler_degrees": {
                "x": 58.62277598578908,
                "y": -3.297105628415344,
                "z": 5.253882681750889
            }
        },
        "mixamorig2:RightHandRing4": {
            "quaternion": {
                "w": 1.0,
                "x": 5.252536670963132e-17,
                "y": -4.5102810375396984e-17,
                "z": -9.324140337736563e-18
            },
            "euler_degrees": {
                "x": 6.018963659677661e-15,
                "y": -5.168401357378215e-15,
                "z": -1.068467777879982e-15
            }
        },
        "mixamorig2:RightHandPinky1": {
            "quaternion": {
                "w": 0.6922799944877625,
                "x": 0.7180433869361877,
                "y": -0.06984414160251617,
                "z": 0.0168487336486578
            },
            "euler_degrees": {
                "x": 92.36305671200581,
                "y": -6.944027079135707,
                "z": -4.447349185120042
            }
        },
        "mixamorig2:RightHandPinky2": {
            "quaternion": {
                "w": 0.6727939248085022,
                "x": 0.7342109084129333,
                "y": 0.00833789724856615,
                "z": 0.09062650054693222
            },
            "euler_degrees": {
                "x": 94.52292645210393,
                "y": -6.999377651509021,
                "z": 7.7700138082963965
            }
        },
        "mixamorig2:RightHandPinky3": {
            "quaternion": {
                "w": 0.8916294574737549,
                "x": 0.4498475193977356,
                "y": -1.6397349099861458e-05,