{
    "armature_name": "Armature",
    "current_frame": 665,
    "bones": {
        "mixamorig2:RightHandThumb1": {
            "quaternion": {
                "w": 0.9690074324607849,
                "x": 0.08144936710596085,
                "y": 0.0843118205666542,
                "z": 0.21739648282527924
            },
            "euler_degrees": {
                "x": 11.310469685329187,
                "y": 7.3532629858988985,
                "z": 26.01896872802347
            }
        },
        "mixamorig2:RightHandThumb2": {
            "quaternion": {
                "w": 0.9879547357559204,
                "x": -0.04025958105921745,
                "y": -0.004474592860788107,
                "z": 0.14924585819244385
            },
            "euler_degrees": {
                "x": -4.639597239027921,
                "y": 0.18196358994662537,
                "z": 17.173551026418675
            }
        },
        "mixamorig2:RightHandThumb3": {
            "quaternion": {
                "w": 0.9218090176582336,
                "x": -0.019173232838511467,
                "y": -0.004855961538851261,
                "z": 0.3871067464351654
            },
            "euler_degrees": {
                "x": -2.241371612699524,
                "y": 0.3375764434774738,
                "z": 45.55260112213355
            }
        },
        "mixamorig2:RightHandThumb4": {
            "quaternion": {
                "w": 1.0,
                "x": -1.2340027666368769e-08,
                "y": 2.2351743567128324e-08,
                "z": -1.8626449271863521e-09
            },
            "euler_degrees": {
                "x": -1.4140630087152016e-06,
                "y": 2.561321142310281e-06,
                "z": -2.1344341156289847e-07
            }
        },
        "mixamorig2:RightHandMiddle1": {
            "quaternion": {
                "w": 0.6417595148086548,
                "x": 0.7658301591873169,
                "y": -0.03751250356435776,
                "z": 0.014814852736890316
            },
            "euler_degrees": {
                "x": 100.15287380002702,
                "y": -4.062288306037288,
                "z": -2.2086665325193873
            }
        },
        "mixamorig2:RightHandMiddle2": {
            "quaternion": {
                "w": 0.8026121854782104,
                "x": 0.5959933996200562,
                "y": -0.02201361022889614,
                "z": 0.009520316496491432
            },
            "euler_degrees": {
                "x": 73.20742235448988,
                "y": -2.675900563732919,
                "z": -0.6285465041839838
            }
        },
        "mixamorig2:RightHandMiddle3": {
            "quaternion": {
                "w": 0.7497201561927795,
                "x": 0.6617105603218079,
                "y": 0.0017106342129409313,
                "z": 0.005010573193430901
            },
            "euler_degrees": {
                "x": 82.86275535013833,
                "y": -0.23297841959979607,
                "z": 0.5602084338255964
            }
        },
        "mixamorig2:RightHandMiddle4": {
            "quaternion": {
                "w": 1.0,
                "x": -1.2689270079135895e-08,
                "y": 2.9802322387695312e-08,
                "z": 2.153683453798294e-09
            },
            "euler_degrees": {
                "x": -1.4540832412722458e-06,
                "y": 3.4150945850063755e-06,
                "z": 2.4679389373072647e-07
            }
        },
        "mixamorig2:RightHandRing1": {
            "quaternion": {
                "w": 0.7575311064720154,
                "x": 0.6519037485122681,
                "y": -5.546584725379944e-05,
                "z": -0.03434005752205849
            },
            "euler_degrees": {
                "x": 81.36134316678611,
                "y": 2.5613038632818568,
                "z": -2.9893977089000416
            }
        },
        "mixamorig2:RightHandRing2": {
            "quaternion": {
                "w": 0.8540678024291992,
                "x": 0.5190628170967102,
                "y": 0.003087491262704134,
                "z": -0.0332149975001812
            },
            "euler_degrees": {
                "x": 62.517513775070434,
                "y": 2.2784721330539757,
                "z": -3.0710596640601255
            }
        },
        "mixamorig2:RightHandRing3": {
            "quaternion": {
                "w": 0.7147620320320129,
                "x": 0.699336051940918,
                "y": -0.0033785291016101837,
                "z": 0.003866453655064106
            },
            "euler_degrees": {
                "x": 88.74977735804235,
                "y": -0.5865915869595044,
                "z": 0.04593924537780413
            }
        },
        "mixamorig2:RightHandRing4": {
            "quaternion": {
                "w": 1.0,
                "x": -1.4901161193847656e-08,
                "y": 2.9802322387695312e-08,
                "z": 1.1175870895385742e-08
            },
            "euler_degrees": {
                "x": -1.7075472925031877e-06,
                "y": 3.4150945850063755e-06,
                "z": 1.2806604693773908e-06
            }
        },
        "mixamorig2:RightHandPinky1": {
            "quaternion": {
                "w": 0.8294758796691895,
                "x": 0.5525864362716675,
                "y": 0.05529019236564636,
                "z": -0.059425342828035355
            },
            "euler_degrees": {
                "x": 67.16984248671126,
                "y": 9.056230636563592,
                "z": -2.175056452274224
            }
        },
        "mixamorig2:RightHandPinky2": {
            "quaternion": {
                "w": 0.7103606462478638,
                "x": 0.7022642493247986,
                "y": 0.007680519483983517,
                "z": -0.04653717204928398
            },
            "euler_degrees": {
                "x": 89.22171610893355,
                "y": 4.374413010068061,
                "z": -3.180967226202563
            }
        },
        "mixamorig2:RightHandPinky3": {
            "quaternion": {
                "w": 0.8063521981239319,
                "x": 0.5913419723510742,
                "y": -0.006923147942870855,
                "z": 0.0060600838623940945
            },
            "euler_degrees": {
                "x": 72.50842079483077,
                "y": -1.0504415796044122,
                "z": 0.09084456419989097
            }
        },
        "mixamorig2:RightHandPinky4": {
            "quaternion": {
                "w": 1.0,
                "x": 3.725290076417309e-09,
                "y": -7.4505792646561986e-09,
                "z": -3.725290653733282e-08
            },
            "euler_degrees": {
                "x": 4.2688682312579694e-07,
                "y": -8.537734935849692e-07,
                "z": -4.268868638368968e-06
            }
        }
    }
}