{
    "armature_name": "Armature",
    "current_frame": 42,
    "bones": {
        "mixamorig2:LeftForeArm": {
            "quaternion": {
                "w": 0.4259660243988037,
                "x": -0.03361707925796509,
                "y": 0.0366276279091835,
                "z": 0.9033713936805725
            },
            "euler_degrees": {
                "x": 2.1603886210316214,
                "y": 5.275326487536967,
                "z": 129.6090413127583
            }
        },
        "mixamorig2:LeftHand": {
            "quaternion": {
                "w": 0.9247303009033203,
                "x": 0.16409268975257874,
                "y": 0.305666983127594,
                "z": -0.15657639503479004
            },
            "euler_degrees": {
                "x": 15.303231788257621,
                "y": 38.07587990566573,
                "z": -13.91199824018054
            }
        },
        "mixamorig2:LeftHandThumb1": {
            "quaternion": {
                "w": 0.9671704769134521,
                "x": 0.11460999399423599,
                "y": -0.07969966530799866,
                "z": -0.2123526930809021
            },
            "euler_degrees": {
                "x": 14.890799352962864,
                "y": -6.055448069534198,
                "z": -25.55889743081517
            }
        },
        "mixamorig2:LeftHandThumb2": {
            "quaternion": {
                "w": 0.8039910793304443,
                "x": 0.007671981584280729,
                "y": -0.3130330741405487,
                "z": -0.5055193901062012
            },
            "euler_degrees": {
                "x": 22.24631544751422,
                "y": -29.70898696485932,
                "z": -70.29050810716589
            }
        },
        "mixamorig2:LeftHandThumb3": {
            "quaternion": {
                "w": 0.9867147207260132,
                "x": 0.013436841778457165,
                "y": -0.013484034687280655,
                "z": -0.16135171055793762
            },
            "euler_degrees": {
                "x": 1.7693216577908988,
                "y": -1.2762897886388174,
                "z": -18.593805194505496
            }
        },
        "mixamorig2:LeftHandThumb4": {
            "quaternion": {
                "w": 1.0,
                "x": 5.384208190406525e-09,
                "y": 5.8207665354359506e-09,
                "z": -1.862644793959589e-08
            },
            "euler_degrees": {
                "x": 6.169848106601285e-07,
                "y": 6.670107120229326e-07,
                "z": -2.1344337085179854e-06
            }
        },
        "mixamorig2:LeftHandIndex1": {
            "quaternion": {
                "w": 0.9958153963088989,
                "x": -0.04423230141401291,
                "y": -0.0761086642742157,
                "z": -0.02452888898551464
            },
            "euler_degrees": {
                "x": -4.897642212757827,
                "y": -8.844333409074055,
                "z": -2.4430557863891877
            }
        },
        "mixamorig2:LeftHandIndex2": {
            "quaternion": {
                "w": 0.9997355937957764,
                "x": 0.01917281746864319,
                "y": 0.010228586383163929,
                "z": -0.007317309267818928
            },
            "euler_degrees": {
                "x": 2.1888950558629046,
                "y": 1.1879648772216802,
                "z": -0.8160129987860313
            }
        },
        "mixamorig2:LeftHandIndex3": {
            "quaternion": {
                "w": 0.999639630317688,
                "x": -0.02677159570157528,
                "y": -0.0009584342478774488,
                "z": -7.622435077792034e-05
            },
            "euler_degrees": {
                "x": -3.068166225172979,
                "y": -0.11002314841990497,
                "z": -0.00579126462003525
            }
        },
        "mixamorig2:LeftHandIndex4": {
            "quaternion": {
                "w": 1.0,
                "x": 6.984919309616089e-09,
                "y": -1.303851426825986e-08,
                "z": 3.725289587919178e-08
            },
            "euler_degrees": {
                "x": 8.004127424719943e-07,
                "y": -1.4941036773847896e-06,
                "z": 4.268867417035971e-06
            }
        },
        "mixamorig2:LeftHandMiddle1": {
            "quaternion": {
                "w": 0.6827438473701477,
                "x": 0.6676007509231567,
                "y": 0.293515145778656,
                "z": -0.044906679540872574
            },
            "euler_degrees": {
                "x": 94.1149046114657,
                "y": 27.43563533924874,
                "z": 21.86839083545366
            }
        },
        "mixamorig2:LeftHandMiddle2": {
            "quaternion": {
                "w": 0.9961106777191162,
                "x": 0.08624676614999771,
                "y": 0.015058578923344612,
                "z": -0.0097584193572402
            },
            "euler_degrees": {
                "x": 9.8817580355026,
                "y": 1.8156282059294695,
                "z": -0.9655904597104611
            }
        },
        "mixamorig2:LeftHandMiddle3": {
            "quaternion": {
                "w": 0.9995603561401367,
                "x": -0.02928389422595501,
                "y": 0.0017327142413705587,
                "z": -0.004146955441683531
            },
            "euler_degrees": {
                "x": -3.356977572575795,
                "y": 0.18455183143566353,
                "z": -0.4808204514114506
            }
        },
        "mixamorig2:LeftHandMiddle4": {
            "quaternion": {
                "w": 1.0,
                "x": 2.9802322387695312e-08,
                "y": 7.450577932388569e-09,
                "z": 5.551113005543415e-16
            },
            "euler_degrees": {
                "x": 3.4150945850063755e-06,
                "y": 8.537733409183445e-07,
                "z": 8.905550074884535e-14
            }
        },
        "mixamorig2:LeftHandRing1": {
            "quaternion": {
                "w": 0.686812162399292,
                "x": 0.6779775023460388,
                "y": 0.25422054529190063,
                "z": -0.06327224522829056
            },
            "euler_degrees": {
                "x": 93.09192668890539,
                "y": 25.785273805571485,
                "z": 16.63704308220876
            }
        },
        "mixamorig2:LeftHandRing2": {
            "quaternion": {
                "w": 0.9932006001472473,
                "x": 0.1157788634300232,
                "y": -0.0070503754541277885,
                "z": 0.009860720485448837
            },
            "euler_degrees": {
                "x": 13.289709096410787,
                "y": -0.9332872934742973,
                "z": 1.0289257366669315
            }
        },
        "mixamorig2:LeftHandRing3": {
            "quaternion": {
                "w": 0.9997383952140808,
                "x": -0.02199333719909191,
                "y": 0.005847140680998564,
                "z": -0.0018834408838301897
            },
            "euler_degrees": {
                "x": -2.5218415915784615,
                "y": 0.6651269696661622,
                "z": -0.23052275314976492
            }
        },
        "mixamorig2:LeftHandRing4": {
            "quaternion": {
                "w": 1.0,
                "x": -3.7252898543727042e-09,
                "y": -1.4901164746561335e-08,
                "z": -1.4901166522918174e-08
            },
            "euler_degrees": {
                "x": -4.268867467924846e-07,
                "y": -1.707547699614187e-06,
                "z": -1.7075479031696865e-06
            }
        },
        "mixamorig2:LeftHandPinky1": {
            "quaternion": {
                "w": 0.7783738970756531,
                "x": 0.5808747410774231,
                "y": 0.2355629801750183,