{
    "armature_name": "Armature",
    "current_frame": 1,
    "bones": {
        "mixamorig2:LeftHand": {
            "quaternion": {
                "w": 0.9489395022392273,
                "x": -0.04385526850819588,
                "y": -0.311157763004303,
                "z": -0.027779411524534225
            },
            "euler_degrees": {
                "x": -4.697565054513819,
                "y": -36.36849312260804,
                "z": -1.8097935168309862
            }
        },
        "mixamorig2:LeftHandThumb1": {
            "quaternion": {
                "w": 0.9957786202430725,
                "x": 0.06891575455665588,
                "y": -0.04457951709628105,
                "z": -0.04109101742506027
            },
            "euler_degrees": {
                "x": 8.129016235035083,
                "y": -4.7678690454144075,
                "z": -5.064955380440105
            }
        },
        "mixamorig2:LeftHandThumb2": {
            "quaternion": {
                "w": 0.961037278175354,
                "x": 0.024955281987786293,
                "y": 0.013992189429700375,
                "z": -0.2749359607696533
            },
            "euler_degrees": {
                "x": 2.309944790975748,
                "y": 2.3277773476815935,
                "z": -31.88286542294513
            }
        },
        "mixamorig2:LeftHandThumb3": {
            "quaternion": {
                "w": 0.8089281320571899,
                "x": 0.010787198320031166,
                "y": -0.0067760758101940155,
                "z": -0.5877698063850403
            },
            "euler_degrees": {
                "x": 1.456484586374034,
                "y": 0.09843780689613447,
                "z": -72.00330781514081
            }
        },
        "mixamorig2:LeftHandThumb4": {
            "quaternion": {
                "w": 1.0,
                "x": 0.0,
                "y": 0.0,
                "z": 0.0
            },
            "euler_degrees": {
                "x": 0.0,
                "y": -0.0,
                "z": 0.0
            }
        },
        "mixamorig2:LeftHandIndex1": {
            "quaternion": {
                "w": 1.0,
                "x": 0.0,
                "y": 0.0,
                "z": 0.0
            },
            "euler_degrees": {
                "x": 0.0,
                "y": -0.0,
                "z": 0.0
            }
        },
        "mixamorig2:LeftHandIndex2": {
            "quaternion": {
                "w": 0.63983154296875,
                "x": 0.7685147523880005,
                "y": 0.00042589474469423294,
                "z": -0.0007904355297796428
            },
            "euler_degrees": {
                "x": 100.44144246227089,
                "y": 0.10083629719229321,
                "z": -0.020447657046680848
            }
        },
        "mixamorig2:LeftHandIndex3": {
            "quaternion": {
                "w": 0.3805604577064514,
                "x": 0.9247560501098633,
                "y": -1.7508888561224012e-08,
                "z": 2.5385444857306538e-08
            },
            "euler_degrees": {
                "x": 135.26319485109994,
                "y": -3.4536215344182537e-06,
                "z": -7.483693007747694e-07
            }
        },
        "mixamorig2:LeftHandIndex4": {
            "quaternion": {
                "w": 1.0,
                "x": 0.0,
                "y": 0.0,
                "z": 0.0
            },
            "euler_degrees": {
                "x": 0.0,
                "y": -0.0,
                "z": 0.0
            }
        },
        "mixamorig2:LeftHandMiddle1": {
            "quaternion": {
                "w": 1.0,
                "x": 0.0,
                "y": 0.0,
                "z": 0.0
            },
            "euler_degrees": {
                "x": 0.0,
                "y": -0.0,
                "z": 0.0
            }
        },
        "mixamorig2:LeftHandMiddle2": {
            "quaternion": {
                "w": 0.5944417715072632,
                "x": 0.8041387796401978,
                "y": -1.7896931936434157e-08,
                "z": -1.8361777875952612e-08
            },
            "euler_degrees": {
                "x": 107.05430867327217,
                "y": 4.7288868670561343e-07,
                "z": -2.8999249274761336e-06
            }
        },
        "mixamorig2:LeftHandMiddle3": {
            "quaternion": {
                "w": 0.45968344807624817,
                "x": 0.8880828619003296,
                "y": -1.0803204553155865e-08,
                "z": 9.180834759092704e-09
            },
            "euler_degrees": {
                "x": 125.266639264896,
                "y": -1.5033720681709488e-06,
                "z": -6.157993543192534e-07
            }
        },
        "mixamorig2:LeftHandMiddle4": {
            "quaternion": {
                "w": 1.0,
                "x": 0.0,
                "y": 0.0,
                "z": 0.0
            },
            "euler_degrees": {
                "x": 0.0,
                "y": -0.0,
                "z": 0.0
            }
        },
        "mixamorig2:LeftHandRing1": {
            "quaternion": {
                "w": 1.0,
                "x": 0.0,
                "y": 0.0,
                "z": 0.0
            },
            "euler_degrees": {
                "x": 0.0,
                "y": -0.0,
                "z": 0.0
            }
        },
        "mixamorig2:LeftHandRing2": {
            "quaternion": {
                "w": 0.7493383288383484,
                "x": 0.662187397480011,
                "y": -1.3128873099788052e-08,
                "z": -3.4115033020754026e-09
            },
            "euler_degrees": {
                "x": 82.9338234684523,
                "y": -8.684795133211831e-07,
                "z": -1.2891716337049872e-06
            }
        },
        "mixamorig2:LeftHandRing3": {
            "quaternion": {
                "w": 0.587611198425293,
                "x": 0.8091434240341187,
                "y": -9.35062072215942e-09,
                "z": -6.366547289360369e-09
            },
            "euler_degrees": {
                "x": 108.02465315808837,
                "y": -3.9314022195572077e-08,
                "z": -1.2956922288018614e-06
            }
        },
        "mixamorig2:LeftHandRing4": {
            "quaternion": {
                "w": 1.0,
                "x": 0.0,
                "y": 0.0,
                "z": 0.0
            },
            "euler_degrees": {
                "x": 0.0,
                "y": -0.0,
                "z": 0.0
            }
        },
        "mixamorig2:LeftHandPinky1": {
            "quaternion": {
                "w": 1.0,
                "x": 0.0,
                "y": 0.0,
                "z": 0.0
            },
            "euler_degrees": {
                "x": 0.0,
                "y": -0.0,
                "z": 0.0
            }
        },
        "mixamorig2:LeftHandPinky2": {
            "quaternion": {
                "w": 0.6216434240341187,
                "x": 0.7818131446838379,
                "y": 0.030027739703655243,
                "z": 0.03776458650827408
            },
            "euler_degrees": {
                "x": 102.96288192646196,
                "y": -1.244367725613999,
                "z": 5.389537922630159
            }
        },
        "mixamorig2:LeftHandPinky3": {
            "quaternion": {
                "w": 0.6189399361610413,
                "x": 0.7804585099220276,
                "y": -0.008727382868528366,
                "z": -0.08787450939416885
            },
            "euler_degrees": {
                "x": 102.71769862582602,
                "y": 7.259378620662488,
                "z": -7.087780789936496
            }
        },
        "mixamorig2:LeftHandPinky4": {
            "quaternion": {
                "w": 1.0,
                "x": 0.0,
                "y": 0.0,