{
    "armature_name": "Armature",
    "current_frame": 1,
    "bones": {
        "mixamorig2:RightHand": {
            "quaternion": {
                "w": 0.749815821647644,
                "x": -0.3426867723464966,
                "y": -0.3090379238128662,
                "z": -0.47417062520980835
            },
            "euler_degrees": {
                "x": -21.038734587161382,
                "y": -52.03874000327442,
                "z": -54.258367068420974
            }
        }
    }
}