{
    "armature_name": "Armature",
    "current_frame": 1,
    "bones": {
        "mixamorig2:RightForeArm": {
            "quaternion": {
                "w": 0.5004460215568542,
                "x": 0.2880171239376068,
                "y": 0.5010412931442261,
                "z": -0.6446385383605957
            },
            "euler_degrees": {
                "x": -47.13381040555901,
                "y": 60.78812353760154,
                "z": -133.0574808812927
            }
        },
        "mixamorig2:RightHand": {
            "quaternion": {
                "w": 0.9304816126823425,
                "x": 0.08950828015804291,
                "y": 0.17657072842121124,
                "z": 0.3082456886768341
            },
            "euler_degrees": {
                "x": 16.63871989365,
                "y": 15.867306375957709,
                "z": 38.99241616020057
            }
        }
    }
}