{
    "armature_name": "Armature",
    "current_frame": 1,
    "bones": {
        "mixamorig2:RightHand": {
            "quaternion": {
                "w": 0.9562265872955322,
                "x": 0.26205262541770935,
                "y": 0.12930697202682495,
                "z": 0.01546221412718296
            },
            "euler_degrees": {
                "x": 31.349946743144056,
                "y": 13.838717140575474,
                "z": 5.753636097376497
            }
        }
    }
}