{
    "armature_name": "Armature",
    "current_frame": 1,
    "bones": {
        "mixamorig2:RightShoulder": {
            "quaternion": {
                "w": 0.9876757264137268,
                "x": -0.11590564996004105,
                "y": -0.007663180585950613,
                "z": -0.10489962995052338
            },
            "euler_degrees": {
                "x": -13.151332025147267,
                "y": -2.26115717662117,
                "z": -11.864467182682567
            }
        },
        "mixamorig2:RightArm": {
            "quaternion": {
                "w": 0.7459336519241333,
                "x": 0.5530908107757568,
                "y": -0.26934361457824707,
                "z": -0.2552019953727722
            },
            "euler_degrees": {
                "x": 75.82734631632337,
                "y": -6.864696139473302,
                "z": -43.12329066456219
            }
        },
        "mixamorig2:RightForeArm": {
            "quaternion": {
                "w": 0.6542919874191284,
                "x": 0.11752432584762573,
                "y": 0.1642628312110901,
                "z": -0.7287717461585999
            },
            "euler_degrees": {
                "x": -5.32667414216983,
                "y": 22.721259481640228,
                "z": -97.23592540175719
            }
        },
        "mixamorig2:RightHand": {
            "quaternion": {
                "w": 0.996026873588562,
                "x": -0.05934112146496773,
                "y": -0.021675612777471542,
                "z": 0.06276385486125946
            },
            "euler_degrees": {
                "x": -6.95033006307916,
                "y": -2.0476157945323643,
                "z": 7.335723060110306
            }
        }
    }
}