{
    "armature_name": "Armature",
    "current_frame": 1,
    "bones": {
        "mixamorig2:RightShoulder": {
            "quaternion": {
                "w": 0.9876757264137268,
                "x": -0.11590564996004105,
                "y": -0.007663180585950613,
                "z": -0.10489962995052338
            },
            "euler_degrees": {
                "x": -13.151332025147267,
                "y": -2.26115717662117,
                "z": -11.864467182682567
            }
        },
        "mixamorig2:RightArm": {
            "quaternion": {
                "w": 0.6822080612182617,
                "x": 0.5877078771591187,
                "y": -0.34586840867996216,
                "z": -0.26375582814216614
            },
            "euler_degrees": {
                "x": 85.93521349543101,
                "y": -9.316357537329882,
                "z": -50.95541052920787
            }
        },
        "mixamorig2:RightForeArm": {
            "quaternion": {
                "w": 0.28384003043174744,
                "x": -0.9058903455734253,
                "y": -0.010100901126861572,
                "z": -0.31416067481040955
            },
            "euler_degrees": {
                "x": -141.62850768582328,
                "y": -35.09427010652339,
                "z": -11.279817503881462
            }
        },
        "mixamorig2:RightHand": {
            "quaternion": {
                "w": 0.996026873588562,
                "x": -0.05934112146496773,
                "y": -0.021675612777471542,
                "z": 0.06276385486125946
            },
            "euler_degrees": {
                "x": -6.95033006307916,
                "y": -2.0476157945323643,
                "z": 7.335723060110306
            }
        }
    }
}